Dataset,N,m,RMSE,Type
energy,600,0.0,0.1380319744348526,mll
energy,600,0.0,0.1934822052717209,mll
energy,600,0.0,0.10957123339176178,mll
energy,600,0.0,0.06422407925128937,mll
energy,600,0.0,0.16857405006885529,mll
energy,600,0.0,0.07994359731674194,mll
energy,600,0.0,0.13643348217010498,mll
energy,600,0.0,0.11845768988132477,mll
energy,600,0.0,0.08399166911840439,mll
energy,600,0.0,0.09505634754896164,mll
winewhite,200,0.0,1.1601533889770508,mll
winewhite,200,0.0,1.246147871017456,mll
winewhite,200,0.0,1.0332728624343872,mll
winewhite,200,0.0,1.1994833946228027,mll
winewhite,200,0.0,1.2297461032867432,mll
winewhite,200,0.0,1.5028574466705322,mll
winewhite,200,0.0,1.144352912902832,mll
winewhite,200,0.0,1.1489893198013306,mll
winewhite,200,0.0,1.1033226251602173,mll
winewhite,200,0.0,1.152936577796936,mll
energy,600,0.5,0.13074645400047302,cmll
energy,600,0.5,0.15204265713691711,cmll
energy,600,0.5,0.12471334636211395,cmll
energy,600,0.5,0.11446887999773026,cmll
energy,600,0.5,0.09550558030605316,cmll
energy,600,0.5,0.08811558783054352,cmll
energy,600,0.5,0.07109338790178299,cmll
energy,600,0.5,0.1413702815771103,cmll
energy,600,0.5,0.10396867245435715,cmll
energy,600,0.5,0.14797300100326538,cmll
concrete,100,0.1,0.5760802030563354,cmll
concrete,100,0.1,0.7055354714393616,cmll
concrete,100,0.1,0.608698308467865,cmll
concrete,100,0.1,0.6539908051490784,cmll
concrete,100,0.1,0.8827096223831177,cmll
concrete,100,0.1,0.6410728693008423,cmll
concrete,100,0.1,0.565136194229126,cmll
concrete,100,0.1,0.5628662705421448,cmll
concrete,100,0.1,0.6514975428581238,cmll
concrete,100,0.1,0.5927066206932068,cmll
winered,400,0.5,0.9827016592025757,cmll
winered,400,0.5,0.9902204871177673,cmll
winered,400,0.5,0.9589746594429016,cmll
winered,400,0.5,1.097486972808838,cmll
winered,400,0.5,1.2660595178604126,cmll
winered,400,0.5,0.84611976146698,cmll
winered,400,0.5,0.8743128776550293,cmll
winered,400,0.5,1.0660148859024048,cmll
winered,400,0.5,0.8070677518844604,cmll
winered,400,0.5,0.9702255129814148,cmll
power,400,0.75,0.27603858709335327,cmll
power,400,0.75,0.2676561772823334,cmll
power,400,0.75,0.28102681040763855,cmll
power,400,0.75,0.2690667510032654,cmll
power,400,0.75,0.2716268002986908,cmll
power,400,0.75,0.267391175031662,cmll
power,400,0.75,0.2634813189506531,cmll
power,400,0.75,0.2673182487487793,cmll
power,400,0.75,0.26774904131889343,cmll
power,400,0.75,0.26499125361442566,cmll
energy,400,0.0,0.1565404087305069,mll
energy,400,0.0,0.19076931476593018,mll
energy,400,0.0,0.12420964241027832,mll
energy,400,0.0,0.1451316624879837,mll
energy,400,0.0,0.14952616393566132,mll
energy,400,0.0,0.1798904836177826,mll
energy,400,0.0,0.15929026901721954,mll
energy,400,0.0,0.12277118116617203,mll
energy,400,0.0,0.17778395116329193,mll
energy,400,0.0,0.1376725286245346,mll
energy,400,0.1,0.07728413492441177,cmll
energy,400,0.1,0.09883266687393188,cmll
energy,400,0.1,0.1640540510416031,cmll
energy,400,0.1,0.12358862906694412,cmll
energy,400,0.1,0.1783658117055893,cmll
energy,400,0.1,0.14117898046970367,cmll
energy,400,0.1,0.17845293879508972,cmll
energy,400,0.1,0.21859805285930634,cmll
energy,400,0.1,0.09795758873224258,cmll
energy,400,0.1,0.18183137476444244,cmll
winewhite,100,0.5,1.0516259670257568,cmll
winewhite,100,0.5,1.0894618034362793,cmll
winewhite,100,0.5,1.1528229713439941,cmll
winewhite,100,0.5,1.2333070039749146,cmll
winewhite,100,0.5,1.1223400831222534,cmll
winewhite,100,0.5,1.1398422718048096,cmll
winewhite,100,0.5,1.085874080657959,cmll
winewhite,100,0.5,1.1343783140182495,cmll
winewhite,100,0.5,0.9891276359558105,cmll
winewhite,100,0.5,1.0573372840881348,cmll
power,600,0.0,0.27764537930488586,mll
power,600,0.0,0.2618369162082672,mll
power,600,0.0,0.2648317217826843,mll
power,600,0.0,0.2720682621002197,mll
power,600,0.0,0.2715996503829956,mll
power,600,0.0,0.26783376932144165,mll
power,600,0.0,0.2629797160625458,mll
power,600,0.0,0.2697891891002655,mll
power,600,0.0,0.26297762989997864,mll
power,600,0.0,0.27049702405929565,mll
winered,600,0.0,0.9880838394165039,mll
winered,600,0.0,0.9521912932395935,mll
winered,600,0.0,0.939086377620697,mll
winered,600,0.0,0.8945521712303162,mll
winered,600,0.0,0.8854236006736755,mll
winered,600,0.0,0.8521290421485901,mll
winered,600,0.0,0.888873279094696,mll
winered,600,0.0,1.0150527954101562,mll
winered,600,0.0,0.8480098247528076,mll
winered,600,0.0,0.9233535528182983,mll
winewhite,600,0.75,0.8605592250823975,cmll
winewhite,600,0.75,0.8826917409896851,cmll
winewhite,600,0.75,0.8849273920059204,cmll
winewhite,600,0.75,0.8630160093307495,cmll
winewhite,600,0.75,0.8633853793144226,cmll
winewhite,600,0.75,0.8252102136611938,cmll
winewhite,600,0.75,0.8698081970214844,cmll
winewhite,600,0.75,0.8511214852333069,cmll
winewhite,600,0.75,0.9033635258674622,cmll
winewhite,600,0.75,0.8492230176925659,cmll
boston,400,0.9,0.2819274961948395,cmll
boston,400,0.9,0.27644848823547363,cmll
boston,400,0.9,0.26733726263046265,cmll
boston,400,0.9,0.3228270411491394,cmll
boston,400,0.9,0.306088387966156,cmll
boston,400,0.9,0.2906971871852875,cmll
boston,400,0.9,0.2758500277996063,cmll
boston,400,0.9,0.29633861780166626,cmll
boston,400,0.9,0.28315505385398865,cmll
boston,400,0.9,0.29868125915527344,cmll
power,400,0.9,0.27101826667785645,cmll
power,400,0.9,0.277021199464798,cmll
power,400,0.9,0.266325980424881,cmll
power,400,0.9,0.2715774476528168,cmll
power,400,0.9,0.28180426359176636,cmll
power,400,0.9,0.2699856162071228,cmll
power,400,0.9,0.2670477032661438,cmll
power,400,0.9,0.27899226546287537,cmll
power,400,0.9,0.2740516662597656,cmll
power,400,0.9,0.2664676606655121,cmll
winewhite,100,0.1,0.9842448830604553,cmll
winewhite,100,0.1,1.171268105506897,cmll
winewhite,100,0.1,1.022798776626587,cmll
winewhite,100,0.1,1.1394994258880615,cmll
winewhite,100,0.1,1.1134237051010132,cmll
winewhite,100,0.1,1.2630983591079712,cmll
winewhite,100,0.1,1.0487957000732422,cmll
winewhite,100,0.1,1.0946416854858398,cmll
winewhite,100,0.1,1.052362084388733,cmll
winewhite,100,0.1,1.1549326181411743,cmll
winered,400,0.75,0.7668557167053223,cmll
winered,400,0.75,0.8720795512199402,cmll
winered,400,0.75,0.859939694404602,cmll
winered,400,0.75,0.7897547483444214,cmll
winered,400,0.75,0.7373077869415283,cmll
winered,400,0.75,0.7968676686286926,cmll
winered,400,0.75,0.8128949403762817,cmll
winered,400,0.75,0.8506518602371216,cmll
winered,400,0.75,0.8095213174819946,cmll
winered,400,0.75,0.7712584733963013,cmll
concrete,200,0.75,0.40753740072250366,cmll
concrete,200,0.75,0.5459290742874146,cmll
concrete,200,0.75,0.4735833406448364,cmll
concrete,200,0.75,0.5146687626838684,cmll
concrete,200,0.75,0.5553591251373291,cmll
concrete,200,0.75,0.4882126748561859,cmll
concrete,200,0.75,0.461452454328537,cmll
concrete,200,0.75,0.497871071100235,cmll
concrete,200,0.75,0.5223490595817566,cmll
concrete,200,0.75,0.4438755214214325,cmll
boston,200,0.0,0.37502172589302063,mll
boston,200,0.0,0.3619634211063385,mll
boston,200,0.0,0.37956929206848145,mll
boston,200,0.0,0.3217315673828125,mll
boston,200,0.0,0.4062047004699707,mll
boston,200,0.0,0.3335806727409363,mll
boston,200,0.0,0.3810829520225525,mll
boston,200,0.0,0.405027836561203,mll
boston,200,0.0,0.365408718585968,mll
boston,200,0.0,0.33488592505455017,mll
winewhite,600,0.9,0.8023175001144409,cmll
winewhite,600,0.9,0.7955372333526611,cmll
winewhite,600,0.9,0.8051438927650452,cmll
winewhite,600,0.9,0.8585366606712341,cmll
winewhite,600,0.9,0.7972303032875061,cmll
winewhite,600,0.9,0.8093701004981995,cmll
winewhite,600,0.9,0.8256633281707764,cmll
winewhite,600,0.9,0.844688355922699,cmll
winewhite,600,0.9,0.8151384592056274,cmll
winewhite,600,0.9,0.8067326545715332,cmll
concrete,600,0.0,0.40969300270080566,mll
concrete,600,0.0,0.33939504623413086,mll
concrete,600,0.0,0.3631330728530884,mll
concrete,600,0.0,0.4009922742843628,mll
concrete,600,0.0,0.3829672932624817,mll
concrete,600,0.0,0.4104537069797516,mll
concrete,600,0.0,0.39397984743118286,mll
concrete,600,0.0,0.40666255354881287,mll
concrete,600,0.0,0.3798651099205017,mll
concrete,600,0.0,0.389104962348938,mll
winered,100,0.1,1.1088300943374634,cmll
winered,100,0.1,0.9318859577178955,cmll
winered,100,0.1,1.0757791996002197,cmll
winered,100,0.1,1.062003493309021,cmll
winered,100,0.1,1.0028672218322754,cmll
winered,100,0.1,0.944939911365509,cmll
winered,100,0.1,1.1027560234069824,cmll
winered,100,0.1,1.2097489833831787,cmll
winered,100,0.1,1.1048855781555176,cmll
winered,100,0.1,0.9938604831695557,cmll
winewhite,100,0.0,1.5544071197509766,mll
winewhite,100,0.0,0.9872032999992371,mll
winewhite,100,0.0,1.498636245727539,mll
winewhite,100,0.0,1.047531247138977,mll
winewhite,100,0.0,1.07562255859375,mll
winewhite,100,0.0,1.6654958724975586,mll
winewhite,100,0.0,1.0793015956878662,mll
winewhite,100,0.0,1.070110559463501,mll
winewhite,100,0.0,0.9684647917747498,mll
winewhite,100,0.0,0.9907298684120178,mll
boston,200,0.9,0.31505322456359863,cmll
boston,200,0.9,0.34579113125801086,cmll
boston,200,0.9,0.3139863908290863,cmll
boston,200,0.9,0.3077079653739929,cmll
boston,200,0.9,0.35892510414123535,cmll
boston,200,0.9,0.31771954894065857,cmll
boston,200,0.9,0.33832570910453796,cmll
boston,200,0.9,0.3268651068210602,cmll
boston,200,0.9,0.3106411099433899,cmll
boston,200,0.9,0.3405627906322479,cmll
winered,400,0.0,0.8966575264930725,mll
winered,400,0.0,1.0937224626541138,mll
winered,400,0.0,0.9867281913757324,mll
winered,400,0.0,1.0259485244750977,mll
winered,400,0.0,1.0692110061645508,mll
winered,400,0.0,1.106279730796814,mll
winered,400,0.0,1.2679842710494995,mll
winered,400,0.0,1.003908634185791,mll
winered,400,0.0,1.1173689365386963,mll
winered,400,0.0,1.1829931735992432,mll
energy,100,0.1,0.27443546056747437,cmll
energy,100,0.1,0.2571510374546051,cmll
energy,100,0.1,0.22647839784622192,cmll
energy,100,0.1,0.32287612557411194,cmll
energy,100,0.1,0.2582375407218933,cmll
energy,100,0.1,0.32141822576522827,cmll
energy,100,0.1,0.256329745054245,cmll
energy,100,0.1,0.32260429859161377,cmll
energy,100,0.1,0.30375760793685913,cmll
energy,100,0.1,0.2883610427379608,cmll
energy,200,0.9,0.1947978138923645,cmll
energy,200,0.9,0.2153591364622116,cmll
energy,200,0.9,0.17449496686458588,cmll
energy,200,0.9,0.21551702916622162,cmll
energy,200,0.9,0.2021104395389557,cmll
energy,200,0.9,0.22307352721691132,cmll
energy,200,0.9,0.24015864729881287,cmll
energy,200,0.9,0.22684137523174286,cmll
energy,200,0.9,0.21616697311401367,cmll
energy,200,0.9,0.2320024073123932,cmll
concrete,600,0.9,0.3996135890483856,cmll
concrete,600,0.9,0.511239767074585,cmll
concrete,600,0.9,0.4354824125766754,cmll
concrete,600,0.9,0.44809746742248535,cmll
concrete,600,0.9,0.39570891857147217,cmll
concrete,600,0.9,0.41700971126556396,cmll
concrete,600,0.9,0.3562016189098358,cmll
concrete,600,0.9,0.44415631890296936,cmll
concrete,600,0.9,0.45687270164489746,cmll
concrete,600,0.9,0.44108548760414124,cmll
winered,100,0.0,1.0285444259643555,mll
winered,100,0.0,1.3902474641799927,mll
winered,100,0.0,1.0316098928451538,mll
winered,100,0.0,0.9924576282501221,mll
winered,100,0.0,1.1863409280776978,mll
winered,100,0.0,1.2679946422576904,mll
winered,100,0.0,1.0372817516326904,mll
winered,100,0.0,1.018620252609253,mll
winered,100,0.0,1.1233675479888916,mll
winered,100,0.0,1.1479300260543823,mll
boston,200,0.5,0.33698445558547974,cmll
boston,200,0.5,0.3513331115245819,cmll
boston,200,0.5,0.28825315833091736,cmll
boston,200,0.5,0.3051091730594635,cmll
boston,200,0.5,0.3036596179008484,cmll
boston,200,0.5,0.2917441725730896,cmll
boston,200,0.5,0.25904813408851624,cmll
boston,200,0.5,0.3022514581680298,cmll
boston,200,0.5,0.2878192663192749,cmll
boston,200,0.5,0.2780322730541229,cmll
energy,100,0.0,0.3697025179862976,mll
energy,100,0.0,0.32375839352607727,mll
energy,100,0.0,0.3159867525100708,mll
energy,100,0.0,0.45384055376052856,mll
energy,100,0.0,0.2635531425476074,mll
energy,100,0.0,0.2705340087413788,mll
energy,100,0.0,0.2589755654335022,mll
energy,100,0.0,0.27709296345710754,mll
energy,100,0.0,0.23958399891853333,mll
energy,100,0.0,0.2815098762512207,mll
power,200,0.5,0.2686726748943329,cmll
power,200,0.5,0.30193036794662476,cmll
power,200,0.5,0.28923600912094116,cmll
power,200,0.5,0.271327942609787,cmll
power,200,0.5,0.28419455885887146,cmll
power,200,0.5,0.2768641412258148,cmll
power,200,0.5,0.29428476095199585,cmll
power,200,0.5,0.2749673128128052,cmll
power,200,0.5,0.2757466733455658,cmll
power,200,0.5,0.31172406673431396,cmll
energy,400,0.0,0.18173515796661377,mll
energy,400,0.0,0.10483509302139282,mll
energy,400,0.0,0.1763003170490265,mll
energy,400,0.0,0.14119023084640503,mll
energy,400,0.0,0.12582746148109436,mll
energy,400,0.0,0.19657540321350098,mll
energy,400,0.0,0.09635552018880844,mll
energy,400,0.0,0.13069744408130646,mll
energy,400,0.0,0.1592937409877777,mll
energy,400,0.0,0.09580200910568237,mll
concrete,600,0.1,0.401945561170578,cmll
concrete,600,0.1,0.3886154890060425,cmll
concrete,600,0.1,0.43939366936683655,cmll
concrete,600,0.1,0.3896177411079407,cmll
concrete,600,0.1,0.4069457948207855,cmll
concrete,600,0.1,0.37187111377716064,cmll
concrete,600,0.1,0.398821085691452,cmll
concrete,600,0.1,0.3888329863548279,cmll
concrete,600,0.1,0.37525609135627747,cmll
concrete,600,0.1,0.37699222564697266,cmll
power,200,0.1,0.3120793402194977,cmll
power,200,0.1,0.2759524881839752,cmll
power,200,0.1,0.2806985080242157,cmll
power,200,0.1,0.3143918216228485,cmll
power,200,0.1,0.3084872364997864,cmll
power,200,0.1,0.2772005796432495,cmll
power,200,0.1,0.27300888299942017,cmll
power,200,0.1,0.27642151713371277,cmll
power,200,0.1,0.3035581111907959,cmll
power,200,0.1,0.3872901201248169,cmll
winered,200,0.5,0.9556597471237183,cmll
winered,200,0.5,0.9595192670822144,cmll
winered,200,0.5,0.9561424255371094,cmll
winered,200,0.5,0.9994037747383118,cmll
winered,200,0.5,0.9793996214866638,cmll
winered,200,0.5,1.0232959985733032,cmll
winered,200,0.5,1.5971168279647827,cmll
winered,200,0.5,1.0197573900222778,cmll
winered,200,0.5,1.271471381187439,cmll
winered,200,0.5,0.8536826372146606,cmll
boston,400,0.0,0.2336042821407318,mll
boston,400,0.0,0.21438109874725342,mll
boston,400,0.0,0.29427266120910645,mll
boston,400,0.0,0.23489168286323547,mll
boston,400,0.0,0.21819861233234406,mll
boston,400,0.0,0.24595050513744354,mll
boston,400,0.0,0.235518217086792,mll
boston,400,0.0,0.2895223796367645,mll
boston,400,0.0,0.2786104083061218,mll
boston,400,0.0,0.2269190400838852,mll
energy,200,0.75,0.2164088785648346,cmll
energy,200,0.75,0.21797959506511688,cmll
energy,200,0.75,0.23662827908992767,cmll
energy,200,0.75,0.22151434421539307,cmll
energy,200,0.75,0.21705450117588043,cmll
energy,200,0.75,0.1690922975540161,cmll
energy,200,0.75,0.17669610679149628,cmll
energy,200,0.75,0.19987177848815918,cmll
energy,200,0.75,0.23725110292434692,cmll
energy,200,0.75,0.20248837769031525,cmll
energy,600,0.0,0.08514170348644257,mll
energy,600,0.0,0.19559542834758759,mll
energy,600,0.0,0.08015299588441849,mll
energy,600,0.0,0.1787840574979782,mll
energy,600,0.0,0.17602361738681793,mll
energy,600,0.0,0.12499447911977768,mll
energy,600,0.0,0.09215100109577179,mll
energy,600,0.0,0.0991085022687912,mll
energy,600,0.0,0.09058649837970734,mll
energy,600,0.0,0.09414052963256836,mll
boston,600,0.0,0.2300574630498886,mll
boston,600,0.0,0.24919959902763367,mll
boston,600,0.0,0.22005923092365265,mll
boston,600,0.0,0.23121394217014313,mll
boston,600,0.0,0.27565282583236694,mll
boston,600,0.0,0.22077037394046783,mll
boston,600,0.0,0.2370884120464325,mll
boston,600,0.0,0.34420105814933777,mll
boston,600,0.0,0.23995313048362732,mll
boston,600,0.0,0.26934170722961426,mll
boston,600,0.75,0.2537315785884857,cmll
boston,600,0.75,0.2982545495033264,cmll
boston,600,0.75,0.22783339023590088,cmll
boston,600,0.75,0.27951768040657043,cmll
boston,600,0.75,0.2752831280231476,cmll
boston,600,0.75,0.26638975739479065,cmll
boston,600,0.75,0.2524554431438446,cmll
boston,600,0.75,0.22283560037612915,cmll
boston,600,0.75,0.23866939544677734,cmll
boston,600,0.75,0.2614177167415619,cmll
boston,600,0.9,0.26379674673080444,cmll
boston,600,0.9,0.2471078783273697,cmll
boston,600,0.9,0.2955169677734375,cmll
boston,600,0.9,0.29185402393341064,cmll
boston,600,0.9,0.2809982895851135,cmll
boston,600,0.9,0.2730003297328949,cmll
boston,600,0.9,0.25651928782463074,cmll
boston,600,0.9,0.2890026867389679,cmll
boston,600,0.9,0.28019484877586365,cmll
boston,600,0.9,0.28452402353286743,cmll
winewhite,400,0.75,0.9315066337585449,cmll
winewhite,400,0.75,0.8610784411430359,cmll
winewhite,400,0.75,0.8134065270423889,cmll
winewhite,400,0.75,0.923264741897583,cmll
winewhite,400,0.75,0.8437491059303284,cmll
winewhite,400,0.75,0.9038190841674805,cmll
winewhite,400,0.75,0.8608198761940002,cmll
winewhite,400,0.75,0.8872923851013184,cmll
winewhite,400,0.75,0.9152989387512207,cmll
winewhite,400,0.75,0.9008514285087585,cmll
concrete,600,0.5,0.37486395239830017,cmll
concrete,600,0.5,0.37006378173828125,cmll
concrete,600,0.5,0.426056444644928,cmll
concrete,600,0.5,0.3971780240535736,cmll
concrete,600,0.5,0.44742482900619507,cmll
concrete,600,0.5,0.379258394241333,cmll
concrete,600,0.5,0.4077800214290619,cmll
concrete,600,0.5,0.37307900190353394,cmll
concrete,600,0.5,0.4036116302013397,cmll
concrete,600,0.5,0.4178808629512787,cmll
winewhite,400,0.0,1.045209527015686,mll
winewhite,400,0.0,1.088466763496399,mll
winewhite,400,0.0,1.0674341917037964,mll
winewhite,400,0.0,1.1271673440933228,mll
winewhite,400,0.0,1.026058554649353,mll
winewhite,400,0.0,0.9947351813316345,mll
winewhite,400,0.0,1.067039132118225,mll
winewhite,400,0.0,1.149603009223938,mll
winewhite,400,0.0,1.1353189945220947,mll
winewhite,400,0.0,1.1305145025253296,mll
concrete,400,0.5,0.4740952253341675,cmll
concrete,400,0.5,0.5054975152015686,cmll
concrete,400,0.5,0.45307010412216187,cmll
concrete,400,0.5,0.47592583298683167,cmll
concrete,400,0.5,0.4257568120956421,cmll
concrete,400,0.5,0.4449615776538849,cmll
concrete,400,0.5,0.4319748878479004,cmll
concrete,400,0.5,0.4724847972393036,cmll
concrete,400,0.5,0.4282236397266388,cmll
concrete,400,0.5,0.43783122301101685,cmll
boston,600,0.5,0.2706066071987152,cmll
boston,600,0.5,0.25147923827171326,cmll
boston,600,0.5,0.24732279777526855,cmll
boston,600,0.5,0.27189841866493225,cmll
boston,600,0.5,0.2618861794471741,cmll
boston,600,0.5,0.21242570877075195,cmll
boston,600,0.5,0.257386714220047,cmll
boston,600,0.5,0.2092566341161728,cmll
boston,600,0.5,0.20884092152118683,cmll
boston,600,0.5,0.25044506788253784,cmll
winered,200,0.1,1.0706614255905151,cmll
winered,200,0.1,1.333107352256775,cmll
winered,200,0.1,1.075385570526123,cmll
winered,200,0.1,1.1586520671844482,cmll
winered,200,0.1,1.177789330482483,cmll
winered,200,0.1,1.0959949493408203,cmll
winered,200,0.1,1.181930661201477,cmll
winered,200,0.1,1.4212332963943481,cmll
winered,200,0.1,1.3596718311309814,cmll
winered,200,0.1,1.3739126920700073,cmll
concrete,200,0.9,0.5364592671394348,cmll
concrete,200,0.9,0.4772385358810425,cmll
concrete,200,0.9,0.4883912205696106,cmll
concrete,200,0.9,0.6285284757614136,cmll
concrete,200,0.9,0.5026952624320984,cmll
concrete,200,0.9,0.4582322835922241,cmll
concrete,200,0.9,0.49385640025138855,cmll
concrete,200,0.9,0.5093042850494385,cmll
concrete,200,0.9,0.5226013660430908,cmll
concrete,200,0.9,0.46410074830055237,cmll
winewhite,400,0.0,1.1159614324569702,mll
winewhite,400,0.0,1.1195865869522095,mll
winewhite,400,0.0,1.1943178176879883,mll
winewhite,400,0.0,1.0717706680297852,mll
winewhite,400,0.0,1.1085729598999023,mll
winewhite,400,0.0,1.1072876453399658,mll
winewhite,400,0.0,1.147902250289917,mll
winewhite,400,0.0,0.9963101148605347,mll
winewhite,400,0.0,1.131543755531311,mll
winewhite,400,0.0,1.114966869354248,mll
winered,200,0.9,0.86758953332901,cmll
winered,200,0.9,0.7950394749641418,cmll
winered,200,0.9,0.8256292343139648,cmll
winered,200,0.9,0.8104023337364197,cmll
winered,200,0.9,0.8324719071388245,cmll
winered,200,0.9,0.7852655649185181,cmll
winered,200,0.9,0.7577303647994995,cmll
winered,200,0.9,0.8277378678321838,cmll
winered,200,0.9,0.7831429243087769,cmll
winered,200,0.9,0.844135582447052,cmll
power,600,0.75,0.2626904249191284,cmll
power,600,0.75,0.27832871675491333,cmll
power,600,0.75,0.2621113359928131,cmll
power,600,0.75,0.2744908630847931,cmll
power,600,0.75,0.2627308666706085,cmll
power,600,0.75,0.27133792638778687,cmll
power,600,0.75,0.2664959132671356,cmll
power,600,0.75,0.26477962732315063,cmll
power,600,0.75,0.267736554145813,cmll
power,600,0.75,0.2710120379924774,cmll
power,400,0.0,0.2786814272403717,mll
power,400,0.0,0.26864057779312134,mll
power,400,0.0,0.2713695764541626,mll
power,400,0.0,0.26702994108200073,mll
power,400,0.0,0.26786208152770996,mll
power,400,0.0,0.27283450961112976,mll
power,400,0.0,0.28048601746559143,mll
power,400,0.0,0.2834511697292328,mll
power,400,0.0,0.2710384726524353,mll
power,400,0.0,0.26789793372154236,mll
power,400,0.0,0.2826814651489258,mll
power,400,0.0,0.27337247133255005,mll
power,400,0.0,0.2671884000301361,mll
power,400,0.0,0.26858124136924744,mll
power,400,0.0,0.2877342402935028,mll
power,400,0.0,0.2736373543739319,mll
power,400,0.0,0.2683808505535126,mll
power,400,0.0,0.2670675218105316,mll
power,400,0.0,0.27382317185401917,mll
power,400,0.0,0.2958851456642151,mll
energy,400,0.5,0.11745566129684448,cmll
energy,400,0.5,0.1108570247888565,cmll
energy,400,0.5,0.14593857526779175,cmll
energy,400,0.5,0.15694007277488708,cmll
energy,400,0.5,0.12511172890663147,cmll
energy,400,0.5,0.2027260959148407,cmll
energy,400,0.5,0.14767047762870789,cmll
energy,400,0.5,0.19403226673603058,cmll
energy,400,0.5,0.1389438658952713,cmll
energy,400,0.5,0.17786039412021637,cmll
winered,600,0.9,0.7702663540840149,cmll
winered,600,0.9,0.7483411431312561,cmll
winered,600,0.9,0.7713068723678589,cmll
winered,600,0.9,0.7678603529930115,cmll
winered,600,0.9,0.7012407183647156,cmll
winered,600,0.9,0.7416022419929504,cmll
winered,600,0.9,0.7265874147415161,cmll
winered,600,0.9,0.8500635623931885,cmll
winered,600,0.9,0.7740395069122314,cmll
winered,600,0.9,0.7266672253608704,cmll
energy,200,0.0,0.27166736125946045,mll
energy,200,0.0,0.19524918496608734,mll
energy,200,0.0,0.21293853223323822,mll
energy,200,0.0,0.18508754670619965,mll
energy,200,0.0,0.234828382730484,mll
energy,200,0.0,0.2309872955083847,mll
energy,200,0.0,0.20190812647342682,mll
energy,200,0.0,0.2450816035270691,mll
energy,200,0.0,0.21513547003269196,mll
energy,200,0.0,0.19785289466381073,mll
boston,200,0.75,0.3381160497665405,cmll
boston,200,0.75,0.31186041235923767,cmll
boston,200,0.75,0.3249553143978119,cmll
boston,200,0.75,0.29894116520881653,cmll
boston,200,0.75,0.31821829080581665,cmll
boston,200,0.75,0.30994370579719543,cmll
boston,200,0.75,0.30776506662368774,cmll
boston,200,0.75,0.31813931465148926,cmll
boston,200,0.75,0.2897999882698059,cmll
boston,200,0.75,0.319235235452652,cmll
winered,600,0.1,1.0523539781570435,cmll
winered,600,0.1,0.9653710126876831,cmll
winered,600,0.1,0.9259766340255737,cmll
winered,600,0.1,0.8369926810264587,cmll
winered,600,0.1,0.875158429145813,cmll
winered,600,0.1,0.940039873123169,cmll
winered,600,0.1,0.8495939373970032,cmll
winered,600,0.1,0.9881054759025574,cmll
winered,600,0.1,1.0025330781936646,cmll
winered,600,0.1,0.9317430853843689,cmll
concrete,100,0.5,0.542654812335968,cmll
concrete,100,0.5,0.5872209072113037,cmll
concrete,100,0.5,0.6085186004638672,cmll
concrete,100,0.5,0.5833271145820618,cmll
concrete,100,0.5,0.5618183016777039,cmll
concrete,100,0.5,0.586635410785675,cmll
concrete,100,0.5,0.6236985921859741,cmll
concrete,100,0.5,0.595281720161438,cmll
concrete,100,0.5,0.7675220370292664,cmll
concrete,100,0.5,0.7031420469284058,cmll
concrete,600,0.0,0.39636826515197754,mll
concrete,600,0.0,0.4069885313510895,mll
concrete,600,0.0,0.4560755789279938,mll
concrete,600,0.0,0.3948899507522583,mll
concrete,600,0.0,0.40139609575271606,mll
concrete,600,0.0,0.3652539551258087,mll
concrete,600,0.0,0.35226699709892273,mll
concrete,600,0.0,0.44154271483421326,mll
concrete,600,0.0,0.3816903233528137,mll
concrete,600,0.0,0.3641022741794586,mll
winered,200,0.0,1.1179450750350952,mll
winered,200,0.0,1.6385174989700317,mll
winered,200,0.0,0.9791409969329834,mll
winered,200,0.0,1.7278498411178589,mll
winered,200,0.0,1.9075731039047241,mll
winered,200,0.0,1.1240566968917847,mll
winered,200,0.0,1.8952654600143433,mll
winered,200,0.0,1.1296629905700684,mll
winered,200,0.0,0.9496493339538574,mll
winered,200,0.0,1.8739418983459473,mll
power,600,0.1,0.2617397606372833,cmll
power,600,0.1,0.2663683295249939,cmll
power,600,0.1,0.2607239782810211,cmll
power,600,0.1,0.26154017448425293,cmll
power,600,0.1,0.2631933391094208,cmll
power,600,0.1,0.2669278383255005,cmll
power,600,0.1,0.2648980915546417,cmll
power,600,0.1,0.26786157488822937,cmll
power,600,0.1,0.2638663053512573,cmll
power,600,0.1,0.2689592242240906,cmll
energy,200,0.0,0.19503960013389587,mll
energy,200,0.0,0.2512785792350769,mll
energy,200,0.0,0.20445705950260162,mll
energy,200,0.0,0.18295633792877197,mll
energy,200,0.0,0.18415358662605286,mll
energy,200,0.0,0.19857096672058105,mll
energy,200,0.0,0.21412602066993713,mll
energy,200,0.0,0.19707800447940826,mll
energy,200,0.0,0.2510618567466736,mll
energy,200,0.0,0.19708499312400818,mll
winered,400,0.9,0.7901155352592468,cmll
winered,400,0.9,0.7534050941467285,cmll
winered,400,0.9,0.7563834190368652,cmll
winered,400,0.9,0.7245416641235352,cmll
winered,400,0.9,0.7767613530158997,cmll
winered,400,0.9,0.7424699068069458,cmll
winered,400,0.9,0.7057718634605408,cmll
winered,400,0.9,0.7649874091148376,cmll
winered,400,0.9,0.7471744418144226,cmll
winered,400,0.9,0.8440732955932617,cmll
concrete,400,0.75,0.4155406057834625,cmll
concrete,400,0.75,0.4535225033760071,cmll
concrete,400,0.75,0.48011791706085205,cmll
concrete,400,0.75,0.4931868314743042,cmll
concrete,400,0.75,0.47894272208213806,cmll
concrete,400,0.75,0.45585694909095764,cmll
concrete,400,0.75,0.4690066874027252,cmll
concrete,400,0.75,0.49906909465789795,cmll
concrete,400,0.75,0.46308866143226624,cmll
concrete,400,0.75,0.4582257568836212,cmll
winewhite,200,0.9,0.840323269367218,cmll
winewhite,200,0.9,0.9887086749076843,cmll
winewhite,200,0.9,0.8409448862075806,cmll
winewhite,200,0.9,0.8415859341621399,cmll
winewhite,200,0.9,0.8946990370750427,cmll
winewhite,200,0.9,0.8353004455566406,cmll
winewhite,200,0.9,0.9089254140853882,cmll
winewhite,200,0.9,0.8957431316375732,cmll
winewhite,200,0.9,0.8803084492683411,cmll
winewhite,200,0.9,0.9510461091995239,cmll
winewhite,600,0.0,1.064773678779602,mll
winewhite,600,0.0,1.0708284378051758,mll
winewhite,600,0.0,1.0046948194503784,mll
winewhite,600,0.0,0.9784674048423767,mll
winewhite,600,0.0,1.409762978553772,mll
winewhite,600,0.0,1.051295280456543,mll
winewhite,600,0.0,1.0440795421600342,mll
winewhite,600,0.0,1.0330815315246582,mll
winewhite,600,0.0,1.1009942293167114,mll
winewhite,600,0.0,1.0229665040969849,mll
concrete,100,0.0,0.65889573097229,mll
concrete,100,0.0,0.896338164806366,mll
concrete,100,0.0,0.6834616661071777,mll
concrete,100,0.0,0.6594213843345642,mll
concrete,100,0.0,0.6906074285507202,mll
concrete,100,0.0,0.6911118030548096,mll
concrete,100,0.0,0.6452171802520752,mll
concrete,100,0.0,0.6198444366455078,mll
concrete,100,0.0,0.6978524327278137,mll
concrete,100,0.0,0.6433107256889343,mll
concrete,200,0.1,0.47284603118896484,cmll
concrete,200,0.1,0.4840465486049652,cmll
concrete,200,0.1,0.4656277894973755,cmll
concrete,200,0.1,0.4455675184726715,cmll
concrete,200,0.1,0.5128118395805359,cmll
concrete,200,0.1,0.527064859867096,cmll
concrete,200,0.1,0.49128833413124084,cmll
concrete,200,0.1,0.4740513265132904,cmll
concrete,200,0.1,0.48836827278137207,cmll
concrete,200,0.1,0.5430876016616821,cmll
winewhite,400,0.9,0.8209080100059509,cmll
winewhite,400,0.9,0.8507957458496094,cmll
winewhite,400,0.9,0.8672725558280945,cmll
winewhite,400,0.9,0.8407799005508423,cmll
winewhite,400,0.9,0.8339109420776367,cmll
winewhite,400,0.9,0.8487471342086792,cmll
winewhite,400,0.9,0.8553143739700317,cmll
winewhite,400,0.9,0.8133354783058167,cmll
winewhite,400,0.9,0.9307886958122253,cmll
winewhite,400,0.9,0.8523142337799072,cmll
winewhite,600,0.0,1.0965789556503296,mll
winewhite,600,0.0,1.0032106637954712,mll
winewhite,600,0.0,1.1024417877197266,mll
winewhite,600,0.0,1.042740821838379,mll
winewhite,600,0.0,0.9723490476608276,mll
winewhite,600,0.0,1.1580066680908203,mll
winewhite,600,0.0,1.0237843990325928,mll
winewhite,600,0.0,1.0092374086380005,mll
winewhite,600,0.0,1.102966070175171,mll
winewhite,600,0.0,1.0812536478042603,mll
power,200,0.9,0.29793670773506165,cmll
power,200,0.9,0.2847672998905182,cmll
power,200,0.9,0.28483420610427856,cmll
power,200,0.9,0.3032739758491516,cmll
power,200,0.9,0.27821534872055054,cmll
power,200,0.9,0.2724223732948303,cmll
power,200,0.9,0.27559033036231995,cmll
power,200,0.9,0.26739245653152466,cmll
power,200,0.9,0.2737008035182953,cmll
power,200,0.9,0.27573469281196594,cmll
energy,400,0.75,0.21811865270137787,cmll
energy,400,0.75,0.15813761949539185,cmll
energy,400,0.75,0.21562398970127106,cmll
energy,400,0.75,0.1506134420633316,cmll
energy,400,0.75,0.09683214128017426,cmll
energy,400,0.75,0.09592545032501221,cmll
energy,400,0.75,0.09318410605192184,cmll
energy,400,0.75,0.0831676796078682,cmll
energy,400,0.75,0.12340401858091354,cmll
energy,400,0.75,0.1864815652370453,cmll
energy,200,0.5,0.24348002672195435,cmll
energy,200,0.5,0.17975768446922302,cmll
energy,200,0.5,0.25986364483833313,cmll
energy,200,0.5,0.2526971399784088,cmll
energy,200,0.5,0.20230446755886078,cmll
energy,200,0.5,0.20795364677906036,cmll
energy,200,0.5,0.21897323429584503,cmll
energy,200,0.5,0.19885392487049103,cmll
energy,200,0.5,0.21093247830867767,cmll
energy,200,0.5,0.22869940102100372,cmll
winered,600,0.5,0.829067587852478,cmll
winered,600,0.5,0.855155348777771,cmll
winered,600,0.5,0.8473634719848633,cmll
winered,600,0.5,0.8140536546707153,cmll
winered,600,0.5,0.8489247560501099,cmll
winered,600,0.5,0.8217900395393372,cmll
winered,600,0.5,0.8697799444198608,cmll
winered,600,0.5,0.8551363348960876,cmll
winered,600,0.5,0.9519878625869751,cmll
winered,600,0.5,0.807999849319458,cmll
power,200,0.0,0.3335505425930023,mll
power,200,0.0,0.2770838439464569,mll
power,200,0.0,0.2728942334651947,mll
power,200,0.0,0.31072208285331726,mll
power,200,0.0,0.2929612696170807,mll
power,200,0.0,0.2998618185520172,mll
power,200,0.0,0.2801758944988251,mll
power,200,0.0,0.3084460198879242,mll
power,200,0.0,0.2991110384464264,mll
power,200,0.0,0.31066086888313293,mll
boston,100,0.1,0.5003345608711243,cmll
boston,100,0.1,0.42854392528533936,cmll
boston,100,0.1,0.37265709042549133,cmll
boston,100,0.1,0.48100143671035767,cmll
boston,100,0.1,0.411927729845047,cmll
boston,100,0.1,0.4221893846988678,cmll
boston,100,0.1,0.44551482796669006,cmll
boston,100,0.1,0.4927420914173126,cmll
boston,100,0.1,0.3522869050502777,cmll
boston,100,0.1,0.48044905066490173,cmll
concrete,600,0.75,0.42191267013549805,cmll
concrete,600,0.75,0.40400731563568115,cmll
concrete,600,0.75,0.3748098611831665,cmll
concrete,600,0.75,0.43611443042755127,cmll
concrete,600,0.75,0.42783474922180176,cmll
concrete,600,0.75,0.43585819005966187,cmll
concrete,600,0.75,0.350078284740448,cmll
concrete,600,0.75,0.42322564125061035,cmll
concrete,600,0.75,0.46029001474380493,cmll
concrete,600,0.75,0.4519574046134949,cmll
boston,200,0.0,0.32782965898513794,mll
boston,200,0.0,0.31516358256340027,mll
boston,200,0.0,0.35687002539634705,mll
boston,200,0.0,0.3429267108440399,mll
boston,200,0.0,0.2969108819961548,mll
boston,200,0.0,0.369919091463089,mll
boston,200,0.0,0.26517802476882935,mll
boston,200,0.0,0.30009523034095764,mll
boston,200,0.0,0.3042750358581543,mll
boston,200,0.0,0.3659737706184387,mll
boston,400,0.75,0.29889100790023804,cmll
boston,400,0.75,0.2469184696674347,cmll
boston,400,0.75,0.25741392374038696,cmll
boston,400,0.75,0.308442622423172,cmll
boston,400,0.75,0.31223833560943604,cmll
boston,400,0.75,0.2618911564350128,cmll
boston,400,0.75,0.2662412226200104,cmll
boston,400,0.75,0.26330745220184326,cmll
boston,400,0.75,0.2728760838508606,cmll
boston,400,0.75,0.23837928473949432,cmll
winewhite,400,0.1,1.0742686986923218,cmll
winewhite,400,0.1,1.118483066558838,cmll
winewhite,400,0.1,1.0591012239456177,cmll
winewhite,400,0.1,1.072675108909607,cmll
winewhite,400,0.1,1.0335698127746582,cmll
winewhite,400,0.1,1.0882723331451416,cmll
winewhite,400,0.1,1.1054006814956665,cmll
winewhite,400,0.1,1.0961881875991821,cmll
winewhite,400,0.1,1.0971719026565552,cmll
winewhite,400,0.1,1.1098393201828003,cmll
winered,600,0.75,0.8500875234603882,cmll
winered,600,0.75,0.8384703993797302,cmll
winered,600,0.75,0.7349041104316711,cmll
winered,600,0.75,0.8631337285041809,cmll
winered,600,0.75,0.8707325458526611,cmll
winered,600,0.75,0.8082959651947021,cmll
winered,600,0.75,0.7747284173965454,cmll
winered,600,0.75,0.7796198129653931,cmll
winered,600,0.75,0.7545512914657593,cmll
winered,600,0.75,0.8167417645454407,cmll
power,100,0.0,0.3784632384777069,mll
power,100,0.0,0.27987706661224365,mll
power,100,0.0,0.34885409474372864,mll
power,100,0.0,0.3237417936325073,mll
power,100,0.0,0.4188385009765625,mll
power,100,0.0,0.3528006970882416,mll
power,100,0.0,0.3961687982082367,mll
power,100,0.0,0.3311783969402313,mll
power,100,0.0,0.3025771379470825,mll
power,100,0.0,0.37107712030410767,mll
boston,100,0.0,0.3853137791156769,mll
boston,100,0.0,0.3570443093776703,mll
boston,100,0.0,0.41945546865463257,mll
boston,100,0.0,0.39898690581321716,mll
boston,100,0.0,0.440501868724823,mll
boston,100,0.0,0.45603135228157043,mll
boston,100,0.0,0.8157891631126404,mll
boston,100,0.0,0.364875853061676,mll
boston,100,0.0,0.5470004677772522,mll
boston,100,0.0,0.4480396807193756,mll
energy,600,0.75,0.11283110082149506,cmll
energy,600,0.75,0.08600892871618271,cmll
energy,600,0.75,0.11181632429361343,cmll
energy,600,0.75,0.23338361084461212,cmll
energy,600,0.75,0.1372620165348053,cmll
energy,600,0.75,0.15054979920387268,cmll
energy,600,0.75,0.07726788520812988,cmll
energy,600,0.75,0.1123419851064682,cmll
energy,600,0.75,0.09523972123861313,cmll
energy,600,0.75,0.11204774677753448,cmll
energy,600,0.9,0.13913939893245697,cmll
energy,600,0.9,0.17488302290439606,cmll
energy,600,0.9,0.21460872888565063,cmll
energy,600,0.9,0.1770663559436798,cmll
energy,600,0.9,0.1880669891834259,cmll
energy,600,0.9,0.15529169142246246,cmll
energy,600,0.9,0.1128837913274765,cmll
energy,600,0.9,0.19024880230426788,cmll
energy,600,0.9,0.14541101455688477,cmll
energy,600,0.9,0.1264132410287857,cmll
energy,400,0.9,0.2084231823682785,cmll
energy,400,0.9,0.22296249866485596,cmll
energy,400,0.9,0.12580130994319916,cmll
energy,400,0.9,0.17786143720149994,cmll
energy,400,0.9,0.18304236233234406,cmll
energy,400,0.9,0.12676294147968292,cmll
energy,400,0.9,0.12209775298833847,cmll
energy,400,0.9,0.19562342762947083,cmll
energy,400,0.9,0.2242991179227829,cmll
energy,400,0.9,0.16103561222553253,cmll
power,400,0.5,0.2712603509426117,cmll
power,400,0.5,0.26335474848747253,cmll
power,400,0.5,0.2805871367454529,cmll
power,400,0.5,0.2794336676597595,cmll
power,400,0.5,0.26531893014907837,cmll
power,400,0.5,0.2709410488605499,cmll
power,400,0.5,0.2667853534221649,cmll
power,400,0.5,0.2760885953903198,cmll
power,400,0.5,0.26484712958335876,cmll
power,400,0.5,0.273660272359848,cmll
boston,400,0.1,0.29216864705085754,cmll
boston,400,0.1,0.26328328251838684,cmll
boston,400,0.1,0.2693483233451843,cmll
boston,400,0.1,0.24133342504501343,cmll
boston,400,0.1,0.35558536648750305,cmll
boston,400,0.1,0.25046879053115845,cmll
boston,400,0.1,0.2788914144039154,cmll
boston,400,0.1,0.22147926688194275,cmll
boston,400,0.1,0.2759377956390381,cmll
boston,400,0.1,0.2594512403011322,cmll
boston,400,0.5,0.2526581287384033,cmll
boston,400,0.5,0.24962280690670013,cmll
boston,400,0.5,0.30002421140670776,cmll
boston,400,0.5,0.2378407120704651,cmll
boston,400,0.5,0.20523904263973236,cmll
boston,400,0.5,0.22847068309783936,cmll
boston,400,0.5,0.21857604384422302,cmll
boston,400,0.5,0.23645731806755066,cmll
boston,400,0.5,0.2217894047498703,cmll
boston,400,0.5,0.34883514046669006,cmll
winewhite,600,0.5,0.9640472531318665,cmll
winewhite,600,0.5,0.9287775158882141,cmll
winewhite,600,0.5,0.8692595958709717,cmll
winewhite,600,0.5,0.8883270621299744,cmll
winewhite,600,0.5,0.9185755252838135,cmll
winewhite,600,0.5,0.9445222020149231,cmll
winewhite,600,0.5,0.913885235786438,cmll
winewhite,600,0.5,0.9915001392364502,cmll
winewhite,600,0.5,0.9589532613754272,cmll
winewhite,600,0.5,0.8910071849822998,cmll
concrete,200,0.5,0.5063986778259277,cmll
concrete,200,0.5,0.5007826685905457,cmll
concrete,200,0.5,0.5181103348731995,cmll
concrete,200,0.5,0.554113507270813,cmll
concrete,200,0.5,0.5646070837974548,cmll
concrete,200,0.5,0.5114982724189758,cmll
concrete,200,0.5,0.46473684906959534,cmll
concrete,200,0.5,0.4750479757785797,cmll
concrete,200,0.5,0.5132081508636475,cmll
concrete,200,0.5,0.48365673422813416,cmll
power,600,0.0,0.261721134185791,mll
power,600,0.0,0.2683972120285034,mll
power,600,0.0,0.26530921459198,mll
power,600,0.0,0.26850083470344543,mll
power,600,0.0,0.2766573429107666,mll
power,600,0.0,0.27046483755111694,mll
power,600,0.0,0.26333853602409363,mll
power,600,0.0,0.2731423079967499,mll
power,600,0.0,0.2720118761062622,mll
power,600,0.0,0.2613827884197235,mll
energy,600,0.1,0.0830482468008995,cmll
energy,600,0.1,0.16764219105243683,cmll
energy,600,0.1,0.10951575636863708,cmll
energy,600,0.1,0.1239820271730423,cmll
energy,600,0.1,0.0831342563033104,cmll
energy,600,0.1,0.23103632032871246,cmll
energy,600,0.1,0.08694390207529068,cmll
energy,600,0.1,0.15089505910873413,cmll
energy,600,0.1,0.11278653144836426,cmll
energy,600,0.1,0.12730395793914795,cmll
power,400,0.1,0.2803037464618683,cmll
power,400,0.1,0.27199864387512207,cmll
power,400,0.1,0.27462038397789,cmll
power,400,0.1,0.2779982388019562,cmll
power,400,0.1,0.26746129989624023,cmll
power,400,0.1,0.27529171109199524,cmll
power,400,0.1,0.2715338170528412,cmll
power,400,0.1,0.26707345247268677,cmll
power,400,0.1,0.2729645073413849,cmll
power,400,0.1,0.2814251780509949,cmll
energy,200,0.1,0.3043023943901062,cmll
energy,200,0.1,0.19972385466098785,cmll
energy,200,0.1,0.1486186534166336,cmll
energy,200,0.1,0.25330013036727905,cmll
energy,200,0.1,0.274315744638443,cmll
energy,200,0.1,0.16849882900714874,cmll
energy,200,0.1,0.25229892134666443,cmll
energy,200,0.1,0.21972712874412537,cmll
energy,200,0.1,0.20069390535354614,cmll
energy,200,0.1,0.23421162366867065,cmll
power,100,0.1,0.3365270793437958,cmll
power,100,0.1,0.4371281564235687,cmll
power,100,0.1,0.3676607608795166,cmll
power,100,0.1,0.5137665867805481,cmll
power,100,0.1,0.35617172718048096,cmll
power,100,0.1,0.3349795937538147,cmll
power,100,0.1,0.40151098370552063,cmll
power,100,0.1,0.33372074365615845,cmll
power,100,0.1,0.49442368745803833,cmll
power,100,0.1,0.38044115900993347,cmll
winewhite,400,0.5,1.0176633596420288,cmll
winewhite,400,0.5,0.9644098877906799,cmll
winewhite,400,0.5,1.0412845611572266,cmll
winewhite,400,0.5,0.9727874994277954,cmll
winewhite,400,0.5,0.9190688133239746,cmll
winewhite,400,0.5,0.9653339982032776,cmll
winewhite,400,0.5,0.9152224063873291,cmll
winewhite,400,0.5,0.9491074085235596,cmll
winewhite,400,0.5,0.9858109951019287,cmll
winewhite,400,0.5,1.0334479808807373,cmll
power,200,0.0,0.3212232291698456,mll
power,200,0.0,0.28240105509757996,mll
power,200,0.0,0.28444960713386536,mll
power,200,0.0,0.2912933826446533,mll
power,200,0.0,0.3156789243221283,mll
power,200,0.0,0.2968061864376068,mll
power,200,0.0,0.28032568097114563,mll
power,200,0.0,0.27344265580177307,mll
power,200,0.0,0.27362799644470215,mll
power,200,0.0,0.2954312562942505,mll
winered,200,0.0,1.5401020050048828,mll
winered,200,0.0,2.1244957447052,mll
winered,200,0.0,0.9523841738700867,mll
winered,200,0.0,1.0621814727783203,mll
winered,200,0.0,1.9183791875839233,mll
winered,200,0.0,1.1225910186767578,mll
winered,200,0.0,1.0100297927856445,mll
winered,200,0.0,1.2340372800827026,mll
winered,200,0.0,1.701183557510376,mll
winered,200,0.0,1.028755784034729,mll
power,100,0.5,0.30302196741104126,cmll
power,100,0.5,0.418376088142395,cmll
power,100,0.5,0.33562222123146057,cmll
power,100,0.5,0.2737237215042114,cmll
power,100,0.5,0.3273475170135498,cmll
power,100,0.5,0.3079625368118286,cmll
power,100,0.5,0.36737388372421265,cmll
power,100,0.5,0.3411424458026886,cmll
power,100,0.5,0.28323760628700256,cmll
power,100,0.5,0.32143905758857727,cmll
boston,600,0.1,0.21923589706420898,cmll
boston,600,0.1,0.24419808387756348,cmll
boston,600,0.1,0.22988764941692352,cmll
boston,600,0.1,0.21155831217765808,cmll
boston,600,0.1,0.2298581898212433,cmll
boston,600,0.1,0.24604803323745728,cmll
boston,600,0.1,0.2440508008003235,cmll
boston,600,0.1,0.23017598688602448,cmll
boston,600,0.1,0.2621544897556305,cmll
boston,600,0.1,0.22332802414894104,cmll
boston,100,0.5,0.40102657675743103,cmll
boston,100,0.5,0.39008161425590515,cmll
boston,100,0.5,0.46137863397598267,cmll
boston,100,0.5,0.39649808406829834,cmll
boston,100,0.5,0.3011248707771301,cmll
boston,100,0.5,0.35533037781715393,cmll
boston,100,0.5,0.36245569586753845,cmll
boston,100,0.5,0.38617509603500366,cmll
boston,100,0.5,0.39238664507865906,cmll
boston,100,0.5,0.377162367105484,cmll
concrete,200,0.0,0.42924198508262634,mll
concrete,200,0.0,0.4638901650905609,mll
concrete,200,0.0,0.47099587321281433,mll
concrete,200,0.0,0.48494693636894226,mll
concrete,200,0.0,0.4638240933418274,mll
concrete,200,0.0,0.5210664868354797,mll
concrete,200,0.0,0.4808797538280487,mll
concrete,200,0.0,0.5230140686035156,mll
concrete,200,0.0,0.4228951632976532,mll
concrete,200,0.0,0.484114408493042,mll
power,200,0.75,0.2895405888557434,cmll
power,200,0.75,0.27877092361450195,cmll
power,200,0.75,0.2739514708518982,cmll
power,200,0.75,0.28620457649230957,cmll
power,200,0.75,0.2837710976600647,cmll
power,200,0.75,0.2905464172363281,cmll
power,200,0.75,0.27552738785743713,cmll
power,200,0.75,0.2759256660938263,cmll
power,200,0.75,0.2769068777561188,cmll
power,200,0.75,0.27410465478897095,cmll
winered,600,0.0,0.8926612734794617,mll
winered,600,0.0,0.9744629263877869,mll
winered,600,0.0,0.952186107635498,mll
winered,600,0.0,0.9706375002861023,mll
winered,600,0.0,0.9109392166137695,mll
winered,600,0.0,0.9237105846405029,mll
winered,600,0.0,0.9558701515197754,mll
winered,600,0.0,0.9181347489356995,mll
winered,600,0.0,0.9134559631347656,mll
winered,600,0.0,0.9194968342781067,mll
power,600,0.9,0.26910462975502014,cmll
power,600,0.9,0.2727927267551422,cmll
power,600,0.9,0.26488471031188965,cmll
power,600,0.9,0.26522016525268555,cmll
power,600,0.9,0.2612236738204956,cmll
power,600,0.9,0.263314813375473,cmll
power,600,0.9,0.2653283178806305,cmll
power,600,0.9,0.26450616121292114,cmll
power,600,0.9,0.2663528621196747,cmll
power,600,0.9,0.269109845161438,cmll
concrete,400,0.0,0.48947691917419434,mll
concrete,400,0.0,0.41174325346946716,mll
concrete,400,0.0,0.4344967007637024,mll
concrete,400,0.0,0.4611237347126007,mll
concrete,400,0.0,0.41155529022216797,mll
concrete,400,0.0,0.478633850812912,mll
concrete,400,0.0,0.44072437286376953,mll
concrete,400,0.0,0.47687289118766785,mll
concrete,400,0.0,0.44582709670066833,mll
concrete,400,0.0,0.41543617844581604,mll
winered,100,0.5,0.9680135846138,cmll
winered,100,0.5,1.0213565826416016,cmll
winered,100,0.5,1.0209250450134277,cmll
winered,100,0.5,1.4781547784805298,cmll
winered,100,0.5,0.9198799133300781,cmll
winered,100,0.5,1.1290645599365234,cmll
winered,100,0.5,1.0643587112426758,cmll
winered,100,0.5,1.063096046447754,cmll
winered,100,0.5,1.0019522905349731,cmll
winered,100,0.5,1.049942135810852,cmll
winered,200,0.75,0.8961891531944275,cmll
winered,200,0.75,0.87233567237854,cmll
winered,200,0.75,0.8191388845443726,cmll
winered,200,0.75,0.840715229511261,cmll
winered,200,0.75,0.9072462916374207,cmll
winered,200,0.75,0.8697316646575928,cmll
winered,200,0.75,0.9070312976837158,cmll
winered,200,0.75,0.862230122089386,cmll
winered,200,0.75,1.0846863985061646,cmll
winered,200,0.75,0.8921809196472168,cmll
concrete,400,0.9,0.48380008339881897,cmll
concrete,400,0.9,0.4943931996822357,cmll
concrete,400,0.9,0.4547559916973114,cmll
concrete,400,0.9,0.49105924367904663,cmll
concrete,400,0.9,0.4265623092651367,cmll
concrete,400,0.9,0.4675074517726898,cmll
concrete,400,0.9,0.4276883900165558,cmll
concrete,400,0.9,0.5111231803894043,cmll
concrete,400,0.9,0.47196558117866516,cmll
concrete,400,0.9,0.43348509073257446,cmll
concrete,400,0.0,0.4758179187774658,mll
concrete,400,0.0,0.40984341502189636,mll
concrete,400,0.0,0.43490666151046753,mll
concrete,400,0.0,0.3948761820793152,mll
concrete,400,0.0,0.3993658125400543,mll
concrete,400,0.0,0.4150688350200653,mll
concrete,400,0.0,0.4554246664047241,mll
concrete,400,0.0,0.42799514532089233,mll
concrete,400,0.0,0.41854387521743774,mll
concrete,400,0.0,0.4258977472782135,mll
concrete,200,0.0,0.5264938473701477,mll
concrete,200,0.0,0.5222777724266052,mll
concrete,200,0.0,0.49550727009773254,mll
concrete,200,0.0,0.6078847050666809,mll
concrete,200,0.0,0.49360519647598267,mll
concrete,200,0.0,0.496660053730011,mll
concrete,200,0.0,0.4825581908226013,mll
concrete,200,0.0,0.4805104434490204,mll
concrete,200,0.0,0.4574422836303711,mll
concrete,200,0.0,0.4800654351711273,mll
winewhite,200,0.75,0.9384355545043945,cmll
winewhite,200,0.75,1.0194416046142578,cmll
winewhite,200,0.75,1.0540262460708618,cmll
winewhite,200,0.75,1.045315146446228,cmll
winewhite,200,0.75,0.9046360850334167,cmll
winewhite,200,0.75,0.9660156965255737,cmll
winewhite,200,0.75,0.9232949018478394,cmll
winewhite,200,0.75,0.9470973014831543,cmll
winewhite,200,0.75,0.8603715300559998,cmll
winewhite,200,0.75,0.9835454821586609,cmll
winewhite,600,0.1,0.9816700220108032,cmll
winewhite,600,0.1,0.9917653203010559,cmll
winewhite,600,0.1,1.0167866945266724,cmll
winewhite,600,0.1,1.0801812410354614,cmll
winewhite,600,0.1,0.9985254406929016,cmll
winewhite,600,0.1,0.9888182282447815,cmll
winewhite,600,0.1,0.9951993823051453,cmll
winewhite,600,0.1,0.9646974205970764,cmll
winewhite,600,0.1,1.051815152168274,cmll
winewhite,600,0.1,0.9743177890777588,cmll
winered,400,0.0,1.0814279317855835,mll
winered,400,0.0,1.0050824880599976,mll
winered,400,0.0,1.1983628273010254,mll
winered,400,0.0,0.9939802885055542,mll
winered,400,0.0,1.4574000835418701,mll
winered,400,0.0,0.975915253162384,mll
winered,400,0.0,0.9677078723907471,mll
winered,400,0.0,1.0809025764465332,mll
winered,400,0.0,1.0179378986358643,mll
winered,400,0.0,1.1212106943130493,mll
boston,400,0.0,0.24201492965221405,mll
boston,400,0.0,0.2925722002983093,mll
boston,400,0.0,0.2558698356151581,mll
boston,400,0.0,0.25807178020477295,mll
boston,400,0.0,0.30059823393821716,mll
boston,400,0.0,0.2734251022338867,mll
boston,400,0.0,0.25410354137420654,mll
boston,400,0.0,0.2738797962665558,mll
boston,400,0.0,0.2763921320438385,mll
boston,400,0.0,0.29559463262557983,mll
winered,400,0.1,0.9852629899978638,cmll
winered,400,0.1,1.2490607500076294,cmll
winered,400,0.1,0.9278271198272705,cmll
winered,400,0.1,1.0483063459396362,cmll
winered,400,0.1,1.0113023519515991,cmll
winered,400,0.1,1.3958032131195068,cmll
winered,400,0.1,1.2854819297790527,cmll
winered,400,0.1,0.9233441948890686,cmll
winered,400,0.1,1.1131991147994995,cmll
winered,400,0.1,1.058631181716919,cmll
winewhite,200,0.1,1.112744688987732,cmll
winewhite,200,0.1,1.0778162479400635,cmll
winewhite,200,0.1,1.2306897640228271,cmll
winewhite,200,0.1,1.0839347839355469,cmll
winewhite,200,0.1,1.0178989171981812,cmll
winewhite,200,0.1,1.1302047967910767,cmll
winewhite,200,0.1,1.0516260862350464,cmll
winewhite,200,0.1,1.0894975662231445,cmll
winewhite,200,0.1,1.1770225763320923,cmll
winewhite,200,0.1,1.024967074394226,cmll
energy,100,0.5,0.2801230847835541,cmll
energy,100,0.5,0.293942928314209,cmll
energy,100,0.5,0.2714713215827942,cmll
energy,100,0.5,0.3118613660335541,cmll
energy,100,0.5,0.2790714204311371,cmll
energy,100,0.5,0.258613258600235,cmll
energy,100,0.5,0.22527016699314117,cmll
energy,100,0.5,0.26189953088760376,cmll
energy,100,0.5,0.22227317094802856,cmll
energy,100,0.5,0.23302330076694489,cmll
concrete,400,0.1,0.4307253956794739,cmll
concrete,400,0.1,0.4302205443382263,cmll
concrete,400,0.1,0.40385106205940247,cmll
concrete,400,0.1,0.4947461187839508,cmll
concrete,400,0.1,0.38979414105415344,cmll
concrete,400,0.1,0.40484142303466797,cmll
concrete,400,0.1,0.42652198672294617,cmll
concrete,400,0.1,0.5098360180854797,cmll
concrete,400,0.1,0.3965875804424286,cmll
concrete,400,0.1,0.4109092950820923,cmll
boston,200,0.1,0.5073248147964478,cmll
boston,200,0.1,0.3782147765159607,cmll
boston,200,0.1,0.32470402121543884,cmll
boston,200,0.1,0.3207753300666809,cmll
boston,200,0.1,0.2819456160068512,cmll
boston,200,0.1,0.3674238324165344,cmll
boston,200,0.1,0.3931010067462921,cmll
boston,200,0.1,0.3126317858695984,cmll
boston,200,0.1,0.300675630569458,cmll
boston,200,0.1,0.3256801962852478,cmll
winewhite,200,0.0,1.227972388267517,mll
winewhite,200,0.0,1.0300581455230713,mll
winewhite,200,0.0,1.17215895652771,mll
winewhite,200,0.0,1.1582292318344116,mll
winewhite,200,0.0,1.038201928138733,mll
winewhite,200,0.0,1.3881428241729736,mll
winewhite,200,0.0,1.1509772539138794,mll
winewhite,200,0.0,1.285604476928711,mll
winewhite,200,0.0,1.1285853385925293,mll
winewhite,200,0.0,1.073509693145752,mll
winewhite,200,0.5,1.0269601345062256,cmll
winewhite,200,0.5,0.9325522780418396,cmll
winewhite,200,0.5,1.1319243907928467,cmll
winewhite,200,0.5,1.0756607055664062,cmll
winewhite,200,0.5,1.0259596109390259,cmll
winewhite,200,0.5,0.9490338563919067,cmll
winewhite,200,0.5,1.035502314567566,cmll
winewhite,200,0.5,0.9714134931564331,cmll
winewhite,200,0.5,1.0203406810760498,cmll
winewhite,200,0.5,1.0373777151107788,cmll
power,600,0.5,0.263958603143692,cmll
power,600,0.5,0.2651253938674927,cmll
power,600,0.5,0.266236811876297,cmll
power,600,0.5,0.2586044669151306,cmll
power,600,0.5,0.2659573554992676,cmll
power,600,0.5,0.26080355048179626,cmll
power,600,0.5,0.2616039216518402,cmll
power,600,0.5,0.263187974691391,cmll
power,600,0.5,0.26408401131629944,cmll
power,600,0.5,0.26807883381843567,cmll
boston,600,0.0,0.1693197339773178,mll
boston,600,0.0,0.2268105447292328,mll
boston,600,0.0,0.22871017456054688,mll
boston,600,0.0,0.21737591922283173,mll
boston,600,0.0,0.21266046166419983,mll
boston,600,0.0,0.2338133156299591,mll
boston,600,0.0,0.24929070472717285,mll
boston,600,0.0,0.2934849262237549,mll
boston,600,0.0,0.23393844068050385,mll
boston,600,0.0,0.24431172013282776,mll
